p,L,boundary_gap
1.0,1.0,0.48595795006601805
1.0769230769230769,1.0,0.4843956329126253
1.1538461538461537,1.0,0.48297421087033277
1.2307692307692308,1.0,0.48167167383359866
1.3076923076923077,1.0,0.4804653186439297
1.3846153846153846,1.0,0.4793583206575266
1.4615384615384615,1.0,0.478350685949784
1.5384615384615385,1.0,0.47742617332630427
1.6153846153846154,1.0,0.47659404521829524
1.6923076923076923,1.0,0.4758454857539991
1.7692307692307692,1.0,0.4751737178310679
1.8461538461538463,1.0,0.47457647502164946
1.9230769230769231,1.0,0.474045384712438
2.0,1.0,0.47357900156785865
2.076923076923077,1.0,0.4731683864455157
2.1538461538461537,1.0,0.47281054532547545
2.230769230769231,1.0,0.47250352191106704
2.3076923076923075,1.0,0.47223707893338984
2.3846153846153846,1.0,0.47201083311902636
2.4615384615384617,1.0,0.47182496960904025
2.5384615384615383,1.0,0.47167108520803736
2.6153846153846154,1.0,0.47154577313258755
2.6923076923076925,1.0,0.47145052894771156
2.769230769230769,1.0,0.47137360324406663
2.8461538461538463,1.0,0.47132614289988795
2.923076923076923,1.0,0.4712924439759281
3.0,1.0,0.47127960239787015
3.076923076923077,1.0,0.47128588118228
3.1538461538461537,1.0,0.4713052285969342
3.230769230769231,1.0,0.4713362596347863
3.3076923076923075,1.0,0.4713777315566613
3.3846153846153846,1.0,0.47143301346552513
3.4615384615384617,1.0,0.47149661341406957
3.5384615384615383,1.0,0.4715676331227799
3.6153846153846154,1.0,0.4716497421542642
3.6923076923076925,1.0,0.4717332627438876
3.769230769230769,1.0,0.471826495227754
3.8461538461538463,1.0,0.47192438225648575
3.923076923076923,1.0,0.4720264027582718
4.0,1.0,0.47213655441541635
1.0,1.125335582600765,NaN
1.0769230769230769,1.125335582600765,NaN
1.1538461538461537,1.125335582600765,NaN
1.2307692307692308,1.125335582600765,NaN
1.3076923076923077,1.125335582600765,NaN
1.3846153846153846,1.125335582600765,NaN
1.4615384615384615,1.125335582600765,NaN
1.5384615384615385,1.125335582600765,NaN
1.6153846153846154,1.125335582600765,NaN
1.6923076923076923,1.125335582600765,NaN
1.7692307692307692,1.125335582600765,NaN
1.8461538461538463,1.125335582600765,NaN
1.9230769230769231,1.125335582600765,NaN
2.0,1.125335582600765,NaN
2.076923076923077,1.125335582600765,NaN
2.1538461538461537,1.125335582600765,NaN
2.230769230769231,1.125335582600765,NaN
2.3076923076923075,1.125335582600765,NaN
2.3846153846153846,1.125335582600765,NaN
2.4615384615384617,1.125335582600765,NaN
2.5384615384615383,1.125335582600765,NaN
2.6153846153846154,1.125335582600765,NaN
2.6923076923076925,1.125335582600765,NaN
2.769230769230769,1.125335582600765,NaN
2.8461538461538463,1.125335582600765,NaN
2.923076923076923,1.125335582600765,NaN
3.0,1.125335582600765,NaN
3.076923076923077,1.125335582600765,NaN
3.1538461538461537,1.125335582600765,NaN
3.230769230769231,1.125335582600765,NaN
3.3076923076923075,1.125335582600765,NaN
3.3846153846153846,1.125335582600765,NaN
3.4615384615384617,1.125335582600765,NaN
3.5384615384615383,1.125335582600765,NaN
3.6153846153846154,1.125335582600765,NaN
3.6923076923076925,1.125335582600765,NaN
3.769230769230769,1.125335582600765,NaN
3.8461538461538463,1.125335582600765,NaN
3.923076923076923,1.125335582600765,NaN
4.0,1.125335582600765,NaN
1.0,1.2663801734674032,2.4398753661837573
1.0769230769230769,1.2663801734674032,2.4309833947333113
1.1538461538461537,1.2663801734674032,2.425406181636715
1.2307692307692308,1.2663801734674032,2.4219982672944425
1.3076923076923077,1.2663801734674032,2.4200474241544065
1.3846153846153846,1.2663801734674032,2.4190918200628966
1.4615384615384615,1.2663801734674032,2.418818622275167
1.5384615384615385,1.2663801734674032,2.4190247530948286
1.6153846153846154,1.2663801734674032,2.419564245546197
1.6923076923076923,1.2663801734674032,2.420329290993449
1.7692307692307692,1.2663801734674032,2.4212554127266395
1.8461538461538463,1.2663801734674032,2.422290045508587
1.9230769230769231,1.2663801734674032,2.423395618710536
2.0,1.2663801734674032,2.424540634657201
2.076923076923077,1.2663801734674032,2.425704585942158
2.1538461538461537,1.2663801734674032,2.426876803036106
2.230769230769231,1.2663801734674032,2.4280490741003207
2.3076923076923075,1.2663801734674032,2.4292019310432904
2.3846153846153846,1.2663801734674032,2.430330442776512
2.4615384615384617,1.2663801734674032,2.4314373358678774
2.5384615384615383,1.2663801734674032,2.4325196334910304
2.6153846153846154,1.2663801734674032,2.433568468421969
2.6923076923076925,1.2663801734674032,2.4345820614414033
2.769230769230769,1.2663801734674032,2.4355590535279936
2.8461538461538463,1.2663801734674032,2.4365049830992245
2.923076923076923,1.2663801734674032,2.4374190971300322
3.0,1.2663801734674032,2.4382942964442265
3.076923076923077,1.2663801734674032,2.439136781731353
3.1538461538461537,1.2663801734674032,2.439939769841697
3.230769230769231,1.2663801734674032,2.440716283176839
3.3076923076923075,1.2663801734674032,2.4414531829548873
3.3846153846153846,1.2663801734674032,2.4421570975250786
3.4615384615384617,1.2663801734674032,2.442834718047025
3.5384615384615383,1.2663801734674032,2.4434730906108317
3.6153846153846154,1.2663801734674032,2.4440855614005836
3.6923076923076925,1.2663801734674032,2.444672379131197
3.769230769230769,1.2663801734674032,2.445227251795923
3.8461538461538463,1.2663801734674032,2.4457504726900683
3.923076923076923,1.2663801734674032,2.446255483567076
4.0,1.2663801734674032,2.446729472519614
1.0,1.425102670302998,2.8548042911861478
1.0769230769230769,1.425102670302998,2.8470522681283787
1.1538461538461537,1.425102670302998,2.8417197631728643
1.2307692307692308,1.425102670302998,2.8379958048190335
1.3076923076923077,1.425102670302998,2.8353694446768936
1.3846153846153846,1.425102670302998,2.8335017198544623
1.4615384615384615,1.425102670302998,2.832176224489049
1.5384615384615385,1.425102670302998,2.831242422067245
1.6153846153846154,1.425102670302998,2.8305978286725453
1.6923076923076923,1.425102670302998,2.830149430313402
1.7692307692307692,1.425102670302998,2.8298612435881636
1.8461538461538463,1.425102670302998,2.829681093372237
1.9230769230769231,1.425102670302998,2.829585318216091
2.0,1.425102670302998,2.829556037917713
2.076923076923077,1.425102670302998,2.8295659769961725
2.1538461538461537,1.425102670302998,2.8296046957734444
2.230769230769231,1.425102670302998,2.8296709589893307
2.3076923076923075,1.425102670302998,2.82974489182496
2.3846153846153846,1.425102670302998,2.829828476764886
2.4615384615384617,1.425102670302998,2.829917958738744
2.5384615384615383,1.425102670302998,2.8300104292435133
2.6153846153846154,1.425102670302998,2.8300968397872044
2.6923076923076925,1.425102670302998,2.8301822842438593
2.769230769230769,1.425102670302998,2.8302654649489276
2.8461538461538463,1.425102670302998,2.8303386182559005
2.923076923076923,1.425102670302998,2.830407851519766
3.0,1.425102670302998,2.8304658858729477
3.076923076923077,1.425102670302998,2.8305192111606963
3.1538461538461537,1.425102670302998,2.8305676550476675
3.230769230769231,1.425102670302998,2.8306043628992397
3.3076923076923075,1.425102670302998,2.830636155643222
3.3846153846153846,1.425102670302998,2.8306563381851526
3.4615384615384617,1.425102670302998,2.8306786413223275
3.5384615384615383,1.425102670302998,2.83068967713795
3.6153846153846154,1.425102670302998,2.830689671615711
3.6923076923076925,1.425102670302998,2.8306924454966937
3.769230769230769,1.425102670302998,2.830684687657167
3.8461538461538463,1.425102670302998,2.830673456910495
3.923076923076923,1.425102670302998,2.83065903032653
4.0,1.425102670302998,2.8306416861135233
1.0,1.6037187437513303,3.052734175113419
1.0769230769230769,1.6037187437513303,3.0436906863001707
1.1538461538461537,1.6037187437513303,3.0372550965789133
1.2307692307692308,1.6037187437513303,3.032558727117616
1.3076923076923077,1.6037187437513303,3.0290645042126902
1.3846153846153846,1.6037187437513303,3.0264108942474346
1.4615384615384615,1.6037187437513303,3.024367870184794
1.5384615384615385,1.6037187437513303,3.0227665033156685
1.6153846153846154,1.6037187437513303,3.0214939149181603
1.6923076923076923,1.6037187437513303,3.020468223285103
1.7692307692307692,1.6037187437513303,3.019624347355849
1.8461538461538463,1.6037187437513303,3.018929010547172
1.9230769230769231,1.6037187437513303,3.018344041622961
2.0,1.6037187437513303,3.017844062441226
2.076923076923077,1.6037187437513303,3.0174148422189973
2.1538461538461537,1.6037187437513303,3.0170388538146
2.230769230769231,1.6037187437513303,3.016701098989907
2.3076923076923075,1.6037187437513303,3.016401754256711
2.3846153846153846,1.6037187437513303,3.016129190773151
2.4615384615384617,1.6037187437513303,3.0158795358764627
2.5384615384615383,1.6037187437513303,3.015643168379565
2.6153846153846154,1.6037187437513303,3.015430994071172
2.6923076923076925,1.6037187437513303,3.015227978633358
2.769230769230769,1.6037187437513303,3.0150327364164617
2.8461538461538463,1.6037187437513303,3.014850806680906
2.923076923076923,1.6037187437513303,3.0146813650112776
3.0,1.6037187437513303,3.014517179849106
3.076923076923077,1.6037187437513303,3.0143577763138834
3.1538461538461537,1.6037187437513303,3.0142027933601994
3.230769230769231,1.6037187437513303,3.0140585510728153
3.3076923076923075,1.6037187437513303,3.013924833192924
3.3846153846153846,1.6037187437513303,3.013788286545249
3.4615384615384617,1.6037187437513303,3.0136619652755696
3.5384615384615383,1.6037187437513303,3.0135391665750215
3.6153846153846154,1.6037187437513303,3.0134197951480592
3.6923076923076925,1.6037187437513303,3.013310349786274
3.769230769230769,1.6037187437513303,3.0131975721571163
3.8461538461538463,1.6037187437513303,3.013094549421551
3.923076923076923,1.6037187437513303,3.013001191632294
4.0,1.6037187437513303,3.0129042420829677
1.0,1.8047217668271702,3.105018107601232
1.0769230769230769,1.8047217668271702,3.0954733100796337
1.1538461538461537,1.8047217668271702,3.0886079348810918
1.2307692307692308,1.8047217668271702,3.08353440074897
1.3076923076923077,1.8047217668271702,3.0796988936532683
1.3846153846153846,1.8047217668271702,3.076738087462679
1.4615384615384615,1.8047217668271702,3.074394398170976
1.5384615384615385,1.8047217668271702,3.0725186925349175
1.6153846153846154,1.8047217668271702,3.070978273994066
1.6923076923076923,1.8047217668271702,3.069698275919589
1.7692307692307692,1.8047217668271702,3.068620733807329
1.8461538461538463,1.8047217668271702,3.0676995449234523
1.9230769230769231,1.8047217668271702,3.066897058424099
2.0,1.8047217668271702,3.066194936414318
2.076923076923077,1.8047217668271702,3.065566061091371
2.1538461538461537,1.8047217668271702,3.065012990965373
2.230769230769231,1.8047217668271702,3.0645077145959565
2.3076923076923075,1.8047217668271702,3.064050431620012
2.3846153846153846,1.8047217668271702,3.063636106668871
2.4615384615384617,1.8047217668271702,3.06325415766295
2.5384615384615383,1.8047217668271702,3.062901378273217
2.6153846153846154,1.8047217668271702,3.062575161096998
2.6923076923076925,1.8047217668271702,3.0622733576333325
2.769230769230769,1.8047217668271702,3.0619941725054973
2.8461538461538463,1.8047217668271702,3.0617295173058956
2.923076923076923,1.8047217668271702,3.061491217224795
3.0,1.8047217668271702,3.06126499975857
3.076923076923077,1.8047217668271702,3.0610498619805755
3.1538461538461537,1.8047217668271702,3.0608514653790433
3.230769230769231,1.8047217668271702,3.0606689960964424
3.3076923076923075,1.8047217668271702,3.0604951608758326
3.3846153846153846,1.8047217668271702,3.0603292893393346
3.4615384615384617,1.8047217668271702,3.0601773171484328
3.5384615384615383,1.8047217668271702,3.0600321256777447
3.6153846153846154,1.8047217668271702,3.0598997426154106
3.6923076923076925,1.8047217668271702,3.059773139557267
3.769230769230769,1.8047217668271702,3.059651876916788
3.8461538461538463,1.8047217668271702,3.0595420941760283
3.923076923076923,1.8047217668271702,3.059436874857788
4.0,1.8047217668271702,3.0593358792959786
1.0,2.0309176209047357,3.2237782453332278
1.0769230769230769,2.0309176209047357,3.212491676811596
1.1538461538461537,2.0309176209047357,3.2042567444257455
1.2307692307692308,2.0309176209047357,3.198089887550096
1.3076923076923077,2.0309176209047357,3.193339251669979
1.3846153846153846,2.0309176209047357,3.1896102974533407
1.4615384615384615,2.0309176209047357,3.18661313395724
1.5384615384615385,2.0309176209047357,3.184162740421409
1.6153846153846154,2.0309176209047357,3.1821197587797685
1.6923076923076923,2.0309176209047357,3.1803972878014717
1.7692307692307692,2.0309176209047357,3.1789266331074906
1.8461538461538463,2.0309176209047357,3.1776518830296485
1.9230769230769231,2.0309176209047357,3.1765391468662094
2.0,2.0309176209047357,3.1755546070674536
2.076923076923077,2.0309176209047357,3.1746821220467893
2.1538461538461537,2.0309176209047357,3.173896162914143
2.230769230769231,2.0309176209047357,3.1731931474699464
2.3076923076923075,2.0309176209047357,3.172552142579008
2.3846153846153846,2.0309176209047357,3.17197301734875
2.4615384615384617,2.0309176209047357,3.1714439270609462
2.5384615384615383,2.0309176209047357,3.1709603526547014
2.6153846153846154,2.0309176209047357,3.1705120649536687
2.6923076923076925,2.0309176209047357,3.170102230065018
2.769230769230769,2.0309176209047357,3.1697280487841346
2.8461538461538463,2.0309176209047357,3.1693742900086126
2.923076923076923,2.0309176209047357,3.169051658619076
3.0,2.0309176209047357,3.168751905720166
3.076923076923077,2.0309176209047357,3.1684670167525932
3.1538461538461537,2.0309176209047357,3.1682083545591064
3.230769230769231,2.0309176209047357,3.167961868710585
3.3076923076923075,2.0309176209047357,3.1677328331640595
3.3846153846153846,2.0309176209047357,3.1675138673549106
3.4615384615384617,2.0309176209047357,3.1673168567885956
3.5384615384615383,2.0309176209047357,3.167121861741115
3.6153846153846154,2.0309176209047357,3.1669473230648424
3.6923076923076925,2.0309176209047357,3.1667734696974006
3.769230769230769,2.0309176209047357,3.166618868201992
3.8461538461538463,2.0309176209047357,3.1664638793659385
3.923076923076923,2.0309176209047357,3.166320793552253
4.0,2.0309176209047357,3.166189191318284
1.0,2.2854638641349903,3.2620085934506147
1.0769230769230769,2.2854638641349903,3.249915976950109
1.1538461538461537,2.2854638641349903,3.241048249176391
1.2307692307692308,2.2854638641349903,3.2343563882757866
1.3076923076923077,2.2854638641349903,3.229179459851895
1.3846153846153846,2.2854638641349903,3.225077123534581
1.4615384615384615,2.2854638641349903,3.221767695695069
1.5384615384615385,2.2854638641349903,3.2190493496959083
1.6153846153846154,2.2854638641349903,3.2167732229585333
1.6923076923076923,2.2854638641349903,3.2148498154845226
1.7692307692307692,2.2854638641349903,3.2131952697863593
1.8461538461538463,2.2854638641349903,3.211764573727401
1.9230769230769231,2.2854638641349903,3.2105155094673328
2.0,2.2854638641349903,3.2094125676245246
2.076923076923077,2.2854638641349903,3.2084315903760157
2.1538461538461537,2.2854638641349903,3.207558489575799
2.230769230769231,2.2854638641349903,3.2067691044608964
2.3076923076923075,2.2854638641349903,3.2060606280559
2.3846153846153846,2.2854638641349903,3.2054126715396576
2.4615384615384617,2.2854638641349903,3.2048253504818445
2.5384615384615383,2.2854638641349903,3.204287008461747
2.6153846153846154,2.2854638641349903,3.2037932173825547
2.6923076923076925,2.2854638641349903,3.203340221257337
2.769230769230769,2.2854638641349903,3.202918438338662
2.8461538461538463,2.2854638641349903,3.202531505407202
2.923076923076923,2.2854638641349903,3.2021706829633523
3.0,2.2854638641349903,3.201833929346865
3.076923076923077,2.2854638641349903,3.201519468940344
3.1538461538461537,2.2854638641349903,3.2012257507021222
3.230769230769231,2.2854638641349903,3.2009514140404116
3.3076923076923075,2.2854638641349903,3.200695260619782
3.3846153846153846,2.2854638641349903,3.2004498766638227
3.4615384615384617,2.2854638641349903,3.20022703291138
3.5384615384615383,2.2854638641349903,3.2000068360956293
3.6153846153846154,2.2854638641349903,3.199807593988913
3.6923076923076925,2.2854638641349903,3.19961593888458
3.769230769230769,2.2854638641349903,3.199437617987075
3.8461538461538463,2.2854638641349903,3.199265746639746
3.923076923076923,2.2854638641349903,3.199099839882194
4.0,2.2854638641349903,3.1989457969595687
1.0,2.571913809059345,3.3448448909455277
1.0769230769230769,2.571913809059345,3.3306928543540986
1.1538461538461537,2.571913809059345,3.320254646922018
1.2307692307692308,2.571913809059345,3.312345899492301
1.3076923076923077,2.571913809059345,3.3062009729424187
1.3846153846153846,2.571913809059345,3.301328889915377
1.4615384615384615,2.571913809059345,3.2973840987453014
1.5384615384615385,2.571913809059345,3.2941441842532653
1.6153846153846154,2.571913809059345,3.291430155426349
1.6923076923076923,2.571913809059345,3.2891373833891104
1.7692307692307692,2.571913809059345,3.2871689002378472
1.8461538461538463,2.571913809059345,3.2854613638288614
1.9230769230769231,2.571913809059345,3.283974526401006
2.0,2.571913809059345,3.2826629950612296
2.076923076923077,2.571913809059345,3.28149972446406
2.1538461538461537,2.571913809059345,3.28045556404367
2.230769230769231,2.571913809059345,3.2795235977810693
2.3076923076923075,2.571913809059345,3.2786740807562635
2.3846153846153846,2.571913809059345,3.2779045294408267
2.4615384615384617,2.571913809059345,3.2772076535072094
2.5384615384615383,2.571913809059345,3.276564769977957
2.6153846153846154,2.571913809059345,3.2759771072180413
2.6923076923076925,2.571913809059345,3.2754340727696216
2.769230769230769,2.571913809059345,3.274925733560402
2.8461538461538463,2.571913809059345,3.274461557503713
2.923076923076923,2.571913809059345,3.2740325672914783
3.0,2.571913809059345,3.273630162333672
3.076923076923077,2.571913809059345,3.273252333330398
3.1538461538461537,2.571913809059345,3.2728973242521398
3.230769230769231,2.571913809059345,3.2725698621415207
3.3076923076923075,2.571913809059345,3.272262312606417
3.3846153846153846,2.571913809059345,3.27196720947552
3.4615384615384617,2.571913809059345,3.271696012450777
3.5384615384615383,2.571913809059345,3.2714415024157706
3.6153846153846154,2.571913809059345,3.271196571243499
3.6923076923076925,2.571913809059345,3.2709667136034275
3.769230769230769,2.571913809059345,3.270744989867142
3.8461538461538463,2.571913809059345,3.270543281220232
3.923076923076923,2.571913809059345,3.270348526057978
4.0,2.571913809059345,3.270160220035977
1.0,2.894266124716751,3.375216521839156
1.0769230769230769,2.894266124716751,3.3600951186236028
1.1538461538461537,2.894266124716751,3.3489036960114658
1.2307692307692308,2.894266124716751,3.3404080974681216
1.3076923076923077,2.894266124716751,3.333802157075956
1.3846153846153846,2.894266124716751,3.328557449441502
1.4615384615384615,2.894266124716751,3.324319272607343
1.5384615384615385,2.894266124716751,3.3208323021632773
1.6153846153846154,2.894266124716751,3.317918294130277
1.6923076923076923,2.894266124716751,3.315448950535037
1.7692307692307692,2.894266124716751,3.313342908033246
1.8461538461538463,2.894266124716751,3.311514930523332
1.9230769230769231,2.894266124716751,3.309916270377303
2.0,2.894266124716751,3.308512576138512
2.076923076923077,2.894266124716751,3.3072691575378044
2.1538461538461537,2.894266124716751,3.3061495581999916
2.230769230769231,2.894266124716751,3.305152393795194
2.3076923076923075,2.894266124716751,3.3042410328401948
2.3846153846153846,2.894266124716751,3.3034188025830384
2.4615384615384617,2.894266124716751,3.302671717386267
2.5384615384615383,2.894266124716751,3.3019870993320106
2.6153846153846154,2.894266124716751,3.3013533191273456
2.6923076923076925,2.894266124716751,3.3007721543797635
2.769230769230769,2.894266124716751,3.3002334880755564
2.8461538461538463,2.894266124716751,3.2997340440921157
2.923076923076923,2.894266124716751,3.2992710018023397
3.0,2.894266124716751,3.2988419192312
3.076923076923077,2.894266124716751,3.298438412293485
3.1538461538461537,2.894266124716751,3.2980586329942536
3.230769230769231,2.894266124716751,3.2977072099783227
3.3076923076923075,2.894266124716751,3.2973764529749263
3.3846153846153846,2.894266124716751,3.297065094158682
3.4615384615384617,2.894266124716751,3.2967720064480353
3.5384615384615383,2.894266124716751,3.296496184356432
3.6153846153846154,2.894266124716751,3.296236727932925
3.6923076923076925,2.894266124716751,3.2959865945066635
3.769230769230769,2.894266124716751,3.295757528384346
3.8461538461538463,2.894266124716751,3.2955364056627543
3.923076923076923,2.894266124716751,3.295328866270301
4.0,2.894266124716751,3.295128145034246
1.0,3.257020655659783,3.4054136597101134
1.0769230769230769,3.257020655659783,3.3892819380590757
1.1538461538461537,3.257020655659783,3.3772948255214565
1.2307692307692308,3.257020655659783,3.3681747353950584
1.3076923076923077,3.257020655659783,3.3610799506400606
1.3846153846153846,3.257020655659783,3.3554495049701814
1.4615384615384615,3.257020655659783,3.3508991040553013
1.5384615384615385,3.257020655659783,3.3471591028603256
1.6153846153846154,3.257020655659783,3.344038800553718
1.6923076923076923,3.257020655659783,3.3414052722050336
1.7692307692307692,3.257020655659783,3.339148184830853
1.8461538461538463,3.257020655659783,3.3371987617826027
1.9230769230769231,3.257020655659783,3.3354935155300645
2.0,3.257020655659783,3.3339965360225166
2.076923076923077,3.257020655659783,3.3326719272092165
2.1538461538461537,3.257020655659783,3.331482294874035
2.230769230769231,3.257020655659783,3.330412858045814
2.3076923076923075,3.257020655659783,3.3294516223422552
2.3846153846153846,3.257020655659783,3.328576185922053
2.4615384615384617,3.257020655659783,3.3277784701298825
2.5384615384615383,3.257020655659783,3.3270454711769486
2.6153846153846154,3.257020655659783,3.3263778359950926
2.6923076923076925,3.257020655659783,3.3257582607547085
2.769230769230769,3.257020655659783,3.3251827183618254
2.8461538461538463,3.257020655659783,3.3246540217868175
2.923076923076923,3.257020655659783,3.324162937444286
3.0,3.257020655659783,3.323700647812637
3.076923076923077,3.257020655659783,3.3232711778563253
3.1538461538461537,3.257020655659783,3.3228725741798018
3.230769230769231,3.257020655659783,3.3224968814321576
3.3076923076923075,3.257020655659783,3.3221425960351882
3.3846153846153846,3.257020655659783,3.3218146194945324
3.4615384615384617,3.257020655659783,3.3214992991554193
3.5384615384615383,3.257020655659783,3.321208042436704
3.6153846153846154,3.257020655659783,3.320927447538887
3.6923076923076925,3.257020655659783,3.320669117520766
3.769230769230769,3.257020655659783,3.3204198428521168
3.8461538461538463,3.257020655659783,3.3201851580985595
3.923076923076923,3.257020655659783,3.3199644390574035
4.0,3.257020655659783,3.3197509074819056
1.0,3.665241237079628,3.464635743198342
1.0769230769230769,3.665241237079628,3.446286190665571
1.1538461538461537,3.665241237079628,3.4325054409238285
1.2307692307692308,3.665241237079628,3.42198103547724
1.3076923076923077,3.665241237079628,3.413790091823451
1.3846153846153846,3.665241237079628,3.407300353360065
1.4615384615384615,3.665241237079628,3.402061477219458
1.5384615384615385,3.665241237079628,3.3977618896952713
1.6153846153846154,3.665241237079628,3.3941919724689664
1.6923076923076923,3.665241237079628,3.3911772653371615
1.7692307692307692,3.665241237079628,3.388606458525386
1.8461538461538463,3.665241237079628,3.3863923462763887
1.9230769230769231,3.665241237079628,3.384460656112082
2.0,3.665241237079628,3.3827656846740832
2.076923076923077,3.665241237079628,3.381268803581712
2.1538461538461537,3.665241237079628,3.3799304254676548
2.230769230769231,3.665241237079628,3.3787277134028706
2.3076923076923075,3.665241237079628,3.377640975489708
2.3846153846153846,3.665241237079628,3.376659272330105
2.4615384615384617,3.665241237079628,3.3757609931421158
2.5384615384615383,3.665241237079628,3.3749386609861545
2.6153846153846154,3.665241237079628,3.3741860107994373
2.6923076923076925,3.665241237079628,3.373491480089462
2.769230769230769,3.665241237079628,3.372850591377587
2.8461538461538463,3.665241237079628,3.37225325096178
2.923076923076923,3.665241237079628,3.3717024421889445
3.0,3.665241237079628,3.371182802370143
3.076923076923077,3.665241237079628,3.3707043872204943
3.1538461538461537,3.665241237079628,3.3702525325886747
3.230769230769231,3.665241237079628,3.3698316064781224
3.3076923076923075,3.665241237079628,3.369433699888819
3.3846153846153846,3.665241237079628,3.369063587318423
3.4615384615384617,3.665241237079628,3.368713720899776
3.5384615384615383,3.665241237079628,3.368382939808334
3.6153846153846154,3.665241237079628,3.3680702051303584
3.6923076923076925,3.665241237079628,3.3677745840120097
3.769230769230769,3.665241237079628,3.3674952362909005
3.8461538461538463,3.665241237079628,3.367225180807825
3.923076923076923,3.665241237079628,3.366976177808986
4.0,3.665241237079628,3.3667351616854786
1.0,4.1246263829013525,3.490606960700456
1.0769230769230769,4.1246263829013525,3.471391549169548
1.1538461538461537,4.1246263829013525,3.4567643016972474
1.2307692307692308,4.1246263829013525,3.4455367991202945
1.3076923076923077,4.1246263829013525,3.436771446467508
1.3846153846153846,4.1246263829013525,3.429819091302405
1.4615384615384615,4.1246263829013525,3.424213362543827
1.5384615384615385,4.1246263829013525,3.4196219238678913
1.6153846153846154,4.1246263829013525,3.4158097162204766
1.6923076923076923,4.1246263829013525,3.4125974050368826
1.7692307692307692,4.1246263829013525,3.409863507317445
1.8461538461538463,4.1246263829013525,3.407511474165833
1.9230769230769231,4.1246263829013525,3.4054583251595316
2.0,4.1246263829013525,3.40366290517206
2.076923076923077,4.1246263829013525,3.402078772601143
2.1538461538461537,4.1246263829013525,3.4006588205416524
2.230769230769231,4.1246263829013525,3.399391965592658
2.3076923076923075,4.1246263829013525,3.3982450963718
2.3846153846153846,4.1246263829013525,3.397206694799806
2.4615384615384617,4.1246263829013525,3.396267260729427
2.5384615384615383,4.1246263829013525,3.3953999794707093
2.6153846153846154,4.1246263829013525,3.394604583436567
2.6923076923076925,4.1246263829013525,3.393875520319394
2.769230769230769,4.1246263829013525,3.393195494954684
2.8461538461538463,4.1246263829013525,3.3925730802920975
2.923076923076923,4.1246263829013525,3.3919859678373987
3.0,4.1246263829013525,3.3914437579631014
3.076923076923077,4.1246263829013525,3.3909375860895072
3.1538461538461537,4.1246263829013525,3.390465201320801
3.230769230769231,4.1246263829013525,3.390018362254448
3.3076923076923075,4.1246263829013525,3.3896016026358993
3.3846153846153846,4.1246263829013525,3.389207122325338
3.4615384615384617,4.1246263829013525,3.388839819485082
3.5384615384615383,4.1246263829013525,3.3884859662494775
3.6153846153846154,4.1246263829013525,3.388156990142256
3.6923076923076925,4.1246263829013525,3.3878456628338443
3.769230769230769,4.1246263829013525,3.3875511102861844
3.8461538461538463,4.1246263829013525,3.387272544215448
3.923076923076923,4.1246263829013525,3.387009252046011
4.0,4.1246263829013525,3.386754350378272
1.0,4.641588833612778,3.5163135037584734
1.0769230769230769,4.641588833612778,3.496462189371696
1.1538461538461537,4.641588833612778,3.4810287406748732
1.2307692307692308,4.641588833612778,3.4690511359260228
1.3076923076923077,4.641588833612778,3.459663274366879
1.3846153846153846,4.641588833612778,3.452201810184194
1.4615384615384615,4.641588833612778,3.446178822250392
1.5384615384615385,4.641588833612778,3.441254283254506
1.6153846153846154,4.641588833612778,3.437173806807291
1.6923076923076923,4.641588833612778,3.43374000225252
1.7692307692307692,4.641588833612778,3.430820906045006
1.8461538461538463,4.641588833612778,3.428310319182593
1.9230769230769231,4.641588833612778,3.426135426578505
2.0,4.641588833612778,3.424227515997659
2.076923076923077,4.641588833612778,3.422538541009961
2.1538461538461537,4.641588833612778,3.4210455208334984
2.230769230769231,4.641588833612778,3.4196981833362528
2.3076923076923075,4.641588833612778,3.418487987070731
2.3846153846153846,4.641588833612778,3.417396387371831
2.4615384615384617,4.641588833612778,3.41639431912511
2.5384615384615383,4.641588833612778,3.415486161224558
2.6153846153846154,4.641588833612778,3.414645950905345
2.6923076923076925,4.641588833612778,3.41387418524586
2.769230769230769,4.641588833612778,3.413165907555082
2.8461538461538463,4.641588833612778,3.412504251752185
2.923076923076923,4.641588833612778,3.411891924164464
3.0,4.641588833612778,3.4113194892363428
3.076923076923077,4.641588833612778,3.4107842451024193
3.1538461538461537,4.641588833612778,3.410283834915042
3.230769230769231,4.641588833612778,3.409816192814231
3.3076923076923075,4.641588833612778,3.4093732043650875
3.3846153846153846,4.641588833612778,3.4089595627040463
3.4615384615384617,4.641588833612778,3.408567550003203
3.5384615384615383,4.641588833612778,3.4082021872600534
3.6153846153846154,4.641588833612778,3.4078497681123157
3.6923076923076925,4.641588833612778,3.4075218449715625
3.769230769230769,4.641588833612778,3.4072112155714707
3.8461538461538463,4.641588833612778,3.4069170500114017
3.923076923076923,4.641588833612778,3.4066385934802694
4.0,4.641588833612778,3.406368886258828
1.0,5.223345074266842,3.5413009347295574
1.0769230769230769,5.223345074266842,3.5213162690572735
1.1538461538461537,5.223345074266842,3.5051907964088826
1.2307692307692308,5.223345074266842,3.492468556006433
1.3076923076923077,5.223345074266842,3.482405920170467
1.3846153846153846,5.223345074266842,3.474382938527287
1.4615384615384615,5.223345074266842,3.467904978511712
1.5384615384615385,5.223345074266842,3.4626054617846433
1.6153846153846154,5.223345074266842,3.4582172156854445
1.6923076923076923,5.223345074266842,3.454530995748851
1.7692307692307692,5.223345074266842,3.4514040628447815
1.8461538461538463,5.223345074266842,3.448720244195261
1.9230769230769231,5.223345074266842,3.446397512142143
2.0,5.223345074266842,3.4443648541862317
2.076923076923077,5.223345074266842,3.4425724021159083
2.1538461538461537,5.223345074266842,3.44098298515069
2.230769230769231,5.223345074266842,3.439557850727175
2.3076923076923075,5.223345074266842,3.438281191701015
2.3846153846153846,5.223345074266842,3.437120919642096
2.4615384615384617,5.223345074266842,3.436066432085294
2.5384615384615383,5.223345074266842,3.435102551008944
2.6153846153846154,5.223345074266842,3.434221934047239
2.6923076923076925,5.223345074266842,3.4334120325415296
2.769230769230769,5.223345074266842,3.432654894059927
2.8461538461538463,5.223345074266842,3.4319588127500116
2.923076923076923,5.223345074266842,3.4313136128777644
3.0,5.223345074266842,3.4307096589472232
3.076923076923077,5.223345074266842,3.4301441157033605
3.1538461538461537,5.223345074266842,3.42962085813175
3.230769230769231,5.223345074266842,3.4291250278284924
3.3076923076923075,5.223345074266842,3.4286610701030167
3.3846153846153846,5.223345074266842,3.428227301938642
3.4615384615384617,5.223345074266842,3.4278095632027794
3.5384615384615383,5.223345074266842,3.4274255286295574
3.6153846153846154,5.223345074266842,3.4270550149090413
3.6923076923076925,5.223345074266842,3.426709614625726
3.769230769230769,5.223345074266842,3.426382038622494
3.8461538461538463,5.223345074266842,3.4260651006567953
3.923076923076923,5.223345074266842,3.4257706561353882
4.0,5.223345074266842,3.425491671490227
1.0,5.878016072274914,3.546726572769909
1.0769230769230769,5.878016072274914,3.5275084212718366
1.1538461538461537,5.878016072274914,3.5115405099918133
1.2307692307692308,5.878016072274914,3.4987445745109476
1.3076923076923077,5.878016072274914,3.4885534978747756
1.3846153846153846,5.878016072274914,3.480394512081422
1.4615384615384615,5.878016072274914,3.4737917428047433
1.5384615384615385,5.878016072274914,3.4683900796254763
1.6153846153846154,5.878016072274914,3.4639077391410664
1.6923076923076923,5.878016072274914,3.460153492570277
1.7692307692307692,5.878016072274914,3.456963956278823
1.8461538461538463,5.878016072274914,3.454228437776592
1.9230769230769231,5.878016072274914,3.4518641014547766
2.0,5.878016072274914,3.449792830722363
2.076923076923077,5.878016072274914,3.4479706695607333
2.1538461538461537,5.878016072274914,3.4463535973402823
2.230769230769231,5.878016072274914,3.444908923340569
2.3076923076923075,5.878016072274914,3.443607755542107
2.3846153846153846,5.878016072274914,3.442430579658169
2.4615384615384617,5.878016072274914,3.441360212294024
2.5384615384615383,5.878016072274914,3.44038771609001
2.6153846153846154,5.878016072274914,3.4394864607203735
2.6923076923076925,5.878016072274914,3.43866296557606
2.769230769230769,5.878016072274914,3.43789916068375
2.8461538461538463,5.878016072274914,3.4371969162311453
2.923076923076923,5.878016072274914,3.4365396191620734
3.0,5.878016072274914,3.4359239533589134
3.076923076923077,5.878016072274914,3.4353534082636696
3.1538461538461537,5.878016072274914,3.4348191106209818
3.230769230769231,5.878016072274914,3.434318869325715
3.3076923076923075,5.878016072274914,3.4338444039945393
3.3846153846153846,5.878016072274914,3.4334003707710745
3.4615384615384617,5.878016072274914,3.4329852579170574
3.5384615384615383,5.878016072274914,3.432591374674085
3.6153846153846154,5.878016072274914,3.4322175251776423
3.6923076923076925,5.878016072274914,3.4318626372949286
3.769230769230769,5.878016072274914,3.4315320832520078
3.8461538461538463,5.878016072274914,3.4312123217630646
3.923076923076923,5.878016072274914,3.4309152411296657
4.0,5.878016072274914,3.4306274744044516
1.0,6.614740641230149,3.570572200886824
1.0769230769230769,6.614740641230149,3.552779455414963
1.1538461538461537,6.614740641230149,3.5367121772427135
1.2307692307692308,6.614740641230149,3.523320302024454
1.3076923076923077,6.614740641230149,3.512442472070157
1.3846153846153846,6.614740641230149,3.5036401019034256
1.4615384615384615,6.614740641230149,3.4964888865144106
1.5384615384615385,6.614740641230149,3.490622276800706
1.6153846153846154,6.614740641230149,3.4857592639124286
1.6923076923076923,6.614740641230149,3.4816837066008492
1.7692307692307692,6.614740641230149,3.4782404922615315
1.8461538461538463,6.614740641230149,3.475288948182012
1.9230769230769231,6.614740641230149,3.47274305974777
2.0,6.614740641230149,3.4705219737537973
2.076923076923077,6.614740641230149,3.4685666796919117
2.1538461538461537,6.614740641230149,3.466837876800048
2.230769230769231,6.614740641230149,3.4653014471130845
2.3076923076923075,6.614740641230149,3.4639143826923084
2.3846153846153846,6.614740641230149,3.4626627189634642
2.4615384615384617,6.614740641230149,3.4615285047272346
2.5384615384615383,6.614740641230149,3.4604957699671193
2.6153846153846154,6.614740641230149,3.4595436874068373
2.6923076923076925,6.614740641230149,3.458672054332875
2.769230769230769,6.614740641230149,3.457862364954091
2.8461538461538463,6.614740641230149,3.4571162854672193
2.923076923076923,6.614740641230149,3.456423294417239
3.0,6.614740641230149,3.4557734538389644
3.076923076923077,6.614740641230149,3.4551701605142284
3.1538461538461537,6.614740641230149,3.454604352300451
3.230769230769231,6.614740641230149,3.4540737310684873
3.3076923076923075,6.614740641230149,3.4535762813097395
3.3846153846153846,6.614740641230149,3.4531102289543405
3.4615384615384617,6.614740641230149,3.452667598626031
3.5384615384615383,6.614740641230149,3.4522534182935565
3.6153846153846154,6.614740641230149,3.4518536507997655
3.6923076923076925,6.614740641230149,3.4514864220815853
3.769230769230769,6.614740641230149,3.451131556848186
3.8461538461538463,6.614740641230149,3.450794600013674
3.923076923076923,6.614740641230149,3.4504811795872636
4.0,6.614740641230149,3.4501778213768324
1.0,7.443803013251689,3.578004189102103
1.0769230769230769,7.443803013251689,3.5621961524226196
1.1538461538461537,7.443803013251689,3.546795154711507
1.2307692307692308,7.443803013251689,3.5334577120632633
1.3076923076923077,7.443803013251689,3.5224049935543107
1.3846153846153846,7.443803013251689,3.513376005766345
1.4615384615384615,7.443803013251689,3.506001170694622
1.5384615384615385,7.443803013251689,3.4999329409650635
1.6153846153846154,7.443803013251689,3.4949016571609746
1.6923076923076923,7.443803013251689,3.4906825773572865
1.7692307692307692,7.443803013251689,3.4871187349416295
1.8461538461538463,7.443803013251689,3.4840677351116383
1.9230769230769231,7.443803013251689,3.481435666831222
2.0,7.443803013251689,3.4791470019910387
2.076923076923077,7.443803013251689,3.477135237753514
2.1538461538461537,7.443803013251689,3.4753538071773193
2.230769230769231,7.443803013251689,3.473767967523216
2.3076923076923075,7.443803013251689,3.472347115047897
2.3846153846153846,7.443803013251689,3.4710638992488527
2.4615384615384617,7.443803013251689,3.4699000270681504
2.5384615384615383,7.443803013251689,3.4688327651989246
2.6153846153846154,7.443803013251689,3.4678604519705574
2.6923076923076925,7.443803013251689,3.4669697747257096
2.769230769230769,7.443803013251689,3.4661420281026096
2.8461538461538463,7.443803013251689,3.465378787971185
2.923076923076923,7.443803013251689,3.4646694063175887
3.0,7.443803013251689,3.464003834688274
3.076923076923077,7.443803013251689,3.463385430940965
3.1538461538461537,7.443803013251689,3.4628050475548835
3.230769230769231,7.443803013251689,3.4622667864102668
3.3076923076923075,7.443803013251689,3.4617556958210693
3.3846153846153846,7.443803013251689,3.4612764186730454
3.4615384615384617,7.443803013251689,3.460820921186871
3.5384615384615383,7.443803013251689,3.4603942344387217
3.6153846153846154,7.443803013251689,3.459995102559723
3.6923076923076925,7.443803013251689,3.459609543320831
3.769230769230769,7.443803013251689,3.459249424548154
3.8461538461538463,7.443803013251689,3.4589074160139854
3.923076923076923,7.443803013251689,3.4585827058064256
4.0,7.443803013251689,3.458274553884589
1.0,8.37677640068292,3.586045930921918
1.0769230769230769,8.37677640068292,3.572944428116211
1.1538461538461537,8.37677640068292,3.5586628228478454
1.2307692307692308,8.37677640068292,3.545547624274836
1.3076923076923077,8.37677640068292,3.5343625159575245
1.3846153846153846,8.37677640068292,3.525075683068186
1.4615384615384615,8.37677640068292,3.517427350805326
1.5384615384615385,8.37677640068292,3.5111099228165163
1.6153846153846154,8.37677640068292,3.505858862339327
1.6923076923076923,8.37677640068292,3.5014604650473764
1.7692307692307692,8.37677640068292,3.497735923820807
1.8461538461538463,8.37677640068292,3.494560549421768
1.9230769230769231,8.37677640068292,3.491819061805608
2.0,8.37677640068292,3.489441074518372
2.076923076923077,8.37677640068292,3.487352312408489
2.1538461538461537,8.37677640068292,3.485505231481851
2.230769230769231,8.37677640068292,3.48386429350354
2.3076923076923075,8.37677640068292,3.4823982251858188
2.3846153846153846,8.37677640068292,3.4810725901820367
2.4615384615384617,8.37677640068292,3.479868663527604
2.5384615384615383,8.37677640068292,3.478776341740654
2.6153846153846154,8.37677640068292,3.4777741800695186
2.6923076923076925,8.37677640068292,3.476848621730811
2.769230769230769,8.37677640068292,3.4760002266913967
2.8461538461538463,8.37677640068292,3.475217438470594
2.923076923076923,8.37677640068292,3.4744829524106917
3.0,8.37677640068292,3.4738060695092
3.076923076923077,8.37677640068292,3.4731706080728952
3.1538461538461537,8.37677640068292,3.4725738056803523
3.230769230769231,8.37677640068292,3.4720132520521467
3.3076923076923075,8.37677640068292,3.471493315262652
3.3846153846153846,8.37677640068292,3.4709991646163965
3.4615384615384617,8.37677640068292,3.470529155764867
3.5384615384615383,8.37677640068292,3.470094771254373
3.6153846153846154,8.37677640068292,3.4696752652064067
3.6923076923076925,8.37677640068292,3.469282395266063
3.769230769230769,8.37677640068292,3.468908604897273
3.8461538461538463,8.37677640068292,3.468552900796851
3.923076923076923,8.37677640068292,3.4682143639017715
4.0,8.37677640068292,3.467892137149928
1.0,9.426684551178852,3.593749391561208
1.0769230769230769,9.426684551178852,3.58405332328585
1.1538461538461537,9.426684551178852,3.571581850104688
1.2307692307692308,9.426684551178852,3.5590439990442753
1.3076923076923077,9.426684551178852,3.547845792119073
1.3846153846153846,9.426684551178852,3.5383243441172176
1.4615384615384615,9.426684551178852,3.5303710627387628
1.5384615384615385,9.426684551178852,3.523766895644694
1.6153846153846154,9.426684551178852,3.518253367709277
1.6923076923076923,9.426684551178852,3.5136283059331244
1.7692307692307692,9.426684551178852,3.5097239448813857
1.8461538461538463,9.426684551178852,3.5063871131502196
1.9230769230769231,9.426684551178852,3.5035138061583586
2.0,9.426684551178852,3.501018884707348
2.076923076923077,9.426684551178852,3.4988398006578065
2.1538461538461537,9.426684551178852,3.496921271051307
2.230769230769231,9.426684551178852,3.495207104073102
2.3076923076923075,9.426684551178852,3.4936849618916526
2.3846153846153846,9.426684551178852,3.492306560546588
2.4615384615384617,9.426684551178852,3.491059217246669
2.5384615384615383,9.426684551178852,3.489925871915407
2.6153846153846154,9.426684551178852,3.4888912268289407
2.6923076923076925,9.426684551178852,3.48794140852971
2.769230769230769,9.426684551178852,3.4870637009718815
2.8461538461538463,9.426684551178852,3.486252877851416
2.923076923076923,9.426684551178852,3.485497937382393
3.0,9.426684551178852,3.4847950577694125
3.076923076923077,9.426684551178852,3.4841409382839212
3.1538461538461537,9.426684551178852,3.4835261773503405
3.230769230769231,9.426684551178852,3.482948273694167
3.3076923076923075,9.426684551178852,3.4824115531045274
3.3846153846153846,9.426684551178852,3.4819010042536407
3.4615384615384617,9.426684551178852,3.4814148897977693
3.5384615384615383,9.426684551178852,3.4809646873328295
3.6153846153846154,9.426684551178852,3.4805294089190517
3.6923076923076925,9.426684551178852,3.4801207973553057
3.769230769230769,9.426684551178852,3.4797311388254526
3.8461538461538463,9.426684551178852,3.4793593287163276
3.923076923076923,9.426684551178852,3.4790043392587235
4.0,9.426684551178852,3.4786652106787286
1.0,10.608183551394482,3.6006114347417424
1.0769230769230769,10.608183551394482,3.594561740288666
1.1538461538461537,10.608183551394482,3.584767764829672
1.2307692307692308,10.608183551394482,3.573394297450932
1.3076923076923077,10.608183551394482,3.562450042799838
1.3846153846153846,10.608183551394482,3.552780117005462
1.4615384615384615,10.608183551394482,3.544543668628458
1.5384615384615385,10.608183551394482,3.5376193490685526
1.6153846153846154,10.608183551394482,3.531809898764587
1.6923076923076923,10.608183551394482,3.5269256659178883
1.7692307692307692,10.608183551394482,3.5227905212631856
1.8461538461538463,10.608183551394482,3.519269159620443
1.9230769230769231,10.608183551394482,3.516235722228642
2.0,10.608183551394482,3.513616599923754
2.076923076923077,10.608183551394482,3.511321229689491
2.1538461538461537,10.608183551394482,3.5093062869180205
2.230769230769231,10.608183551394482,3.507521000535808
2.3076923076923075,10.608183551394482,3.5059191865441726
2.3846153846153846,10.608183551394482,3.504491347475443
2.4615384615384617,10.608183551394482,3.5031911746452327
2.5384615384615383,10.608183551394482,3.5020143252563565
2.6153846153846154,10.608183551394482,3.5009384688218157
2.6923076923076925,10.608183551394482,3.4999559753131075
2.769230769230769,10.608183551394482,3.4990472208039267
2.8461538461538463,10.608183551394482,3.4982067703388817
2.923076923076923,10.608183551394482,3.4974233975126476
3.0,10.608183551394482,3.4966997242700883
3.076923076923077,10.608183551394482,3.4960191412730364
3.1538461538461537,10.608183551394482,3.4953852630070523
3.230769230769231,10.608183551394482,3.494788899216214
3.3076923076923075,10.608183551394482,3.494227759017207
3.3846153846153846,10.608183551394482,3.4936998100589665
3.4615384615384617,10.608183551394482,3.4932032378830167
3.5384615384615383,10.608183551394482,3.492729838624235
3.6153846153846154,10.608183551394482,3.49228472169534
3.6923076923076925,10.608183551394482,3.491859986090613
3.769230769230769,10.608183551394482,3.4914544308682522
3.8461538461538463,10.608183551394482,3.4910669658641527
3.923076923076923,10.608183551394482,3.490696601860241
4.0,10.608183551394482,3.4903424427174237
1.0,11.937766417144363,3.600566055974703
1.0769230769230769,11.937766417144363,3.5966253804567794
1.1538461538461537,11.937766417144363,3.589129232586404
1.2307692307692308,11.937766417144363,3.579101239058803
1.3076923076923077,11.937766417144363,3.5687299729438386
1.3846153846153846,11.937766417144363,3.5592191531693174
1.4615384615384615,11.937766417144363,3.5509534735487316
1.5384615384615385,11.937766417144363,3.543925639776684
1.6153846153846154,11.937766417144363,3.537999674887385
1.6923076923076923,11.937766417144363,3.532999440650009
1.7692307692307692,11.937766417144363,3.52876167777436
1.8461538461538463,11.937766417144363,3.525143688464745
1.9230769230769231,11.937766417144363,3.5220387665151582
2.0,11.937766417144363,3.5193526019516237
2.076923076923077,11.937766417144363,3.517007193668134
2.1538461538461537,11.937766417144363,3.5149453619964968
2.230769230769231,11.937766417144363,3.5131158156314997
2.3076923076923075,11.937766417144363,3.511485183673523
2.3846153846153846,11.937766417144363,3.510023760360874
2.4615384615384617,11.937766417144363,3.508704763956177
2.5384615384615383,11.937766417144363,3.5075103854854666
2.6153846153846154,11.937766417144363,3.5064114441849665
2.6923076923076925,11.937766417144363,3.5054134176795264
2.769230769230769,11.937766417144363,3.5044898867904415
2.8461538461538463,11.937766417144363,3.5036353185046067
2.923076923076923,11.937766417144363,3.502838382824948
3.0,11.937766417144363,3.502101661776412
3.076923076923077,11.937766417144363,3.501415058958572
3.1538461538461537,11.937766417144363,3.5007689464594995
3.230769230769231,11.937766417144363,3.5001673043928365
3.3076923076923075,11.937766417144363,3.4996012120362825
3.3846153846153846,11.937766417144363,3.4990620270525232
3.4615384615384617,11.937766417144363,3.4985545504824613
3.5384615384615383,11.937766417144363,3.498077173092915
3.6153846153846154,11.937766417144363,3.497628458983834
3.6923076923076925,11.937766417144363,3.4971939321468835
3.769230769230769,11.937766417144363,3.4967856472928855
3.8461538461538463,11.937766417144363,3.4963959891774565
3.923076923076923,11.937766417144363,3.496024053457324
4.0,11.937766417144363,3.4956690386780593
1.0,13.433993325989,3.6020013796327923
1.0769230769230769,13.433993325989,3.5995861962708493
1.1538461538461537,13.433993325989,3.594780786616735
1.2307692307692308,13.433993325989,3.586612224695372
1.3076923076923077,13.433993325989,3.577123168202899
1.3846153846153846,13.433993325989,3.5678943724665486
1.4615384615384615,13.433993325989,3.5596184302104534
1.5384615384615385,13.433993325989,3.552466332702864
1.6153846153846154,13.433993325989,3.5463775085859157
1.6923076923076923,13.433993325989,3.5412167575889715
1.7692307692307692,13.433993325989,3.5368272316086244
1.8461538461538463,13.433993325989,3.5330855226828666
1.9230769230769231,13.433993325989,3.529870586033115
2.0,13.433993325989,3.527087136485344
2.076923076923077,13.433993325989,3.5246629295421275
2.1538461538461537,13.433993325989,3.522533305288561
2.230769230769231,13.433993325989,3.5206529254009307
2.3076923076923075,13.433993325989,3.518981167613152
2.3846153846153846,13.433993325989,3.5174811630313467
2.4615384615384617,13.433993325989,3.5161257059746176
2.5384615384615383,13.433993325989,3.5148966542638513
2.6153846153846154,13.433993325989,3.513777798329165
2.6923076923076925,13.433993325989,3.512754495664542
2.769230769230769,13.433993325989,3.5118133798103877
2.8461538461538463,13.433993325989,3.510935475368554
2.923076923076923,13.433993325989,3.510129273737864
3.0,13.433993325989,3.5093773570041833
3.076923076923077,13.433993325989,3.508676195354011
3.1538461538461537,13.433993325989,3.508016096897373
3.230769230769231,13.433993325989,3.507401068364898
3.3076923076923075,13.433993325989,3.5068221691802517
3.3846153846153846,13.433993325989,3.5062773979422683
3.4615384615384617,13.433993325989,3.5057650053256877
3.5384615384615383,13.433993325989,3.5052834614556496
3.6153846153846154,13.433993325989,3.504824794858582
3.6923076923076925,13.433993325989,3.504387843835861
3.769230769230769,13.433993325989,3.5039782285640295
3.8461538461538463,13.433993325989,3.5035884391547296
3.923076923076923,13.433993325989,3.503217719808621
4.0,13.433993325989,3.5028654212862773
1.0,15.117750706156622,3.605020729557675
1.0769230769230769,15.117750706156622,3.6028353380353892
1.1538461538461537,15.117750706156622,3.600757524262011
1.2307692307692308,15.117750706156622,3.595065047210793
1.3076923076923077,15.117750706156622,3.5869470922187707
1.3846153846153846,15.117750706156622,3.5782586029104038
1.4615384615384615,15.117750706156622,3.570073224409203
1.5384615384615385,15.117750706156622,3.562816655030976
1.6153846153846154,15.117750706156622,3.5565370454747893
1.6923076923076923,15.117750706156622,3.5511748659560736
1.7692307692307692,15.117750706156622,3.5466004773824857
1.8461538461538463,15.117750706156622,3.542689981279268
1.9230769230769231,15.117750706156622,3.5393348199537287
2.0,15.117750706156622,3.53643191386953
2.076923076923077,15.117750706156622,3.533908002032455
2.1538461538461537,15.117750706156622,3.531697451083616
2.230769230769231,15.117750706156622,3.5297473893728744
2.3076923076923075,15.117750706156622,3.528016460063445
2.3846153846153846,15.117750706156622,3.526460440857659
2.4615384615384617,15.117750706156622,3.5250649970202486
2.5384615384615383,15.117750706156622,3.5238048589961735
2.6153846153846154,15.117750706156622,3.522650065698821
2.6923076923076925,15.117750706156622,3.5215990769172683
2.769230769230769,15.117750706156622,3.5206315854900647
2.8461538461538463,15.117750706156622,3.519735073098964
2.923076923076923,15.117750706156622,3.5189046127343024
3.0,15.117750706156622,3.5181360182335335
3.076923076923077,15.117750706156622,3.517419032818623
3.1538461538461537,15.117750706156622,3.5167506117600977
3.230769230769231,15.117750706156622,3.5161214634549207
3.3076923076923075,15.117750706156622,3.515529360514864
3.3846153846153846,15.117750706156622,3.5149790787664483
3.4615384615384617,15.117750706156622,3.5144556201979613
3.5384615384615383,15.117750706156622,3.5139642767841073
3.6153846153846154,15.117750706156622,3.5135038624908175
3.6923076923076925,15.117750706156622,3.513073369689635
3.769230769230769,15.117750706156622,3.5126652690063245
3.8461538461538463,15.117750706156622,3.5122855159801345
3.923076923076923,15.117750706156622,3.511926826922735
4.0,15.117750706156622,3.511588688457336
1.0,17.012542798525892,3.6050065255904635
1.0769230769230769,17.012542798525892,3.60207295924162
1.1538461538461537,17.012542798525892,3.6016276375743725
1.2307692307692308,17.012542798525892,3.5980187199185436
1.3076923076923077,17.012542798525892,3.5913255092847693
1.3846153846153846,17.012542798525892,3.583357193865204
1.4615384615384615,17.012542798525892,3.575458072275301
1.5384615384615385,17.012542798525892,3.5682524625691543
1.6153846153846154,17.012542798525892,3.5619263373905192
1.6923076923076923,17.012542798525892,3.5564814660760105
1.7692307692307692,17.012542798525892,3.5518156490536175
1.8461538461538463,17.012542798525892,3.5478117069223334
1.9230769230769231,17.012542798525892,3.5443809864579277
2.0,17.012542798525892,3.541413155240341
2.076923076923077,17.012542798525892,3.5388277264150423
2.1538461538461537,17.012542798525892,3.536572037793967
2.230769230769231,17.012542798525892,3.5345793078298695
2.3076923076923075,17.012542798525892,3.5328145164530427
2.3846153846153846,17.012542798525892,3.531233068165497
2.4615384615384617,17.012542798525892,3.529813655107449
2.5384615384615383,17.012542798525892,3.528530758632201
2.6153846153846154,17.012542798525892,3.5273609006638535
2.6923076923076925,17.012542798525892,3.52628898365947
2.769230769230769,17.012542798525892,3.5253079839568287
2.8461538461538463,17.012542798525892,3.5244052762462643
2.923076923076923,17.012542798525892,3.5235624464376203
3.0,17.012542798525892,3.5227819925600565
3.076923076923077,17.012542798525892,3.522060336856027
3.1538461538461537,17.012542798525892,3.5213810207068206
3.230769230769231,17.012542798525892,3.5207481777841223
3.3076923076923075,17.012542798525892,3.5201529100844318
3.3846153846153846,17.012542798525892,3.519593362248556
3.4615384615384617,17.012542798525892,3.5190679622065675
3.5384615384615383,17.012542798525892,3.5185820832424675
3.6153846153846154,17.012542798525892,3.5181211934131373
3.6923076923076925,17.012542798525892,3.517684347592872
3.769230769230769,17.012542798525892,3.517284146465455
3.8461538461538463,17.012542798525892,3.516906510104001
3.923076923076923,17.012542798525892,3.5165508632187996
4.0,17.012542798525892,3.516223407458666
1.0,19.144819761699587,3.6076599037127206
1.0769230769230769,19.144819761699587,3.602725456327218
1.1538461538461537,19.144819761699587,3.603384048279004
1.2307692307692308,19.144819761699587,3.6021634029887393
1.3076923076923077,19.144819761699587,3.5973992609049223
1.3846153846153846,19.144819761699587,3.590506987822281
1.4615384615384615,19.144819761699587,3.5830512464275084
1.5384615384615385,19.144819761699587,3.5759530701060402
1.6153846153846154,19.144819761699587,3.569576944588924
1.6923076923076923,19.144819761699587,3.564005932674833
1.7692307692307692,19.144819761699587,3.5591996878952026
1.8461538461538463,19.144819761699587,3.555075128657454
1.9230769230769231,19.144819761699587,3.5515230716941835
2.0,19.144819761699587,3.5484528852114905
2.076923076923077,19.144819761699587,3.5457834170794107
2.1538461538461537,19.144819761699587,3.5434546367824957
2.230769230769231,19.144819761699587,3.5414058473081766
2.3076923076923075,19.144819761699587,3.539587998911818
2.3846153846153846,19.144819761699587,3.5379694750097435
2.4615384615384617,19.144819761699587,3.5365150759220825
2.5384615384615383,19.144819761699587,3.5351989214410398
2.6153846153846154,19.144819761699587,3.534003968751293
2.6923076923076925,19.144819761699587,3.532914881135619
2.769230769230769,19.144819761699587,3.5319109777033377
2.8461538461538463,19.144819761699587,3.530992974872792
2.923076923076923,19.144819761699587,3.5301355656199496
3.0,19.144819761699587,3.5293479711282036
3.076923076923077,19.144819761699587,3.5286063606365183
3.1538461538461537,19.144819761699587,3.5279211878611636
3.230769230769231,19.144819761699587,3.527276409814073
3.3076923076923075,19.144819761699587,3.526676612819105
3.3846153846153846,19.144819761699587,3.526113239351621
3.4615384615384617,19.144819761699587,3.525584758635932
3.5384615384615383,19.144819761699587,3.5250898780032607
3.6153846153846154,19.144819761699587,3.5246275024693725
3.6923076923076925,19.144819761699587,3.5241966996470766
3.769230769230769,19.144819761699587,3.5237899354472453
3.8461538461538463,19.144819761699587,3.5234132515653833
3.923076923076923,19.144819761699587,3.5230660370400297
4.0,19.144819761699587,3.5227477454694625
1.0,21.544346900318832,3.6083226324215936
1.0769230769230769,21.544346900318832,3.601348738880123
1.1538461538461537,21.544346900318832,3.602251807219509
1.2307692307692308,21.544346900318832,3.602779483033666
1.3076923076923077,21.544346900318832,3.5997773921831873
1.3846153846153846,21.544346900318832,3.59402419779118
1.4615384615384615,21.544346900318832,3.5871448150016065
1.5384615384615385,21.544346900318832,3.5802765050290506
1.6153846153846154,21.544346900318832,3.573952775867924
1.6923076923076923,21.544346900318832,3.568355566771686
1.7692307692307692,21.544346900318832,3.5634854737019808
1.8461538461538463,21.544346900318832,3.559286870986639
1.9230769230769231,21.544346900318832,3.555664109048042
2.0,21.544346900318832,3.5525331067679873
2.076923076923077,21.544346900318832,3.5498191495530587
2.1538461538461537,21.544346900318832,3.547441544746966
2.230769230769231,21.544346900318832,3.5453595551323493
2.3076923076923075,21.544346900318832,3.543510260318868
2.3846153846153846,21.544346900318832,3.5418617733464504
2.4615384615384617,21.544346900318832,3.5403854005399893
2.5384615384615383,21.544346900318832,3.5390550441836406
2.6153846153846154,21.544346900318832,3.5378467245692873
2.6923076923076925,21.544346900318832,3.5367449615668622
2.769230769230769,21.544346900318832,3.53573570211668
2.8461538461538463,21.544346900318832,3.5347993103999573
2.923076923076923,21.544346900318832,3.5339374221877393
3.0,21.544346900318832,3.533138963898513
3.076923076923077,21.544346900318832,3.5323935483688373
3.1538461538461537,21.544346900318832,3.5316981257686537
3.230769230769231,21.544346900318832,3.5310501282397824
3.3076923076923075,21.544346900318832,3.5304406330833835
3.3846153846153846,21.544346900318832,3.5298745752038108
3.4615384615384617,21.544346900318832,3.5293436527372886
3.5384615384615383,21.544346900318832,3.5288465559741042
3.6153846153846154,21.544346900318832,3.5283821654984715
3.6923076923076925,21.544346900318832,3.5279427614122967
3.769230769230769,21.544346900318832,3.5275410119508654
3.8461538461538463,21.544346900318832,3.5271626642612417
3.923076923076923,21.544346900318832,3.5268138039130497
4.0,21.544346900318832,3.5264870685485965
1.0,24.244620170823282,3.612203361516635
1.0769230769230769,24.244620170823282,3.6020347061412163
1.1538461538461537,24.244620170823282,3.6022952170443836
1.2307692307692308,24.244620170823282,3.604447051731767
1.3076923076923077,24.244620170823282,3.6036370541782263
1.3846153846153846,24.244620170823282,3.599480937819432
1.4615384615384615,24.244620170823282,3.59347345854863
1.5384615384615385,24.244620170823282,3.5869626698408297
1.6153846153846154,24.244620170823282,3.580715321058776
1.6923076923076923,24.244620170823282,3.5750691262538123
1.7692307692307692,24.244620170823282,3.5700996064021897
1.8461538461538463,24.244620170823282,3.565785846484283
1.9230769230769231,24.244620170823282,3.5620527772092885
2.0,24.244620170823282,3.55882292221089
2.076923076923077,24.244620170823282,3.556021163087301
2.1538461538461537,24.244620170823282,3.5535798520205604
2.230769230769231,24.244620170823282,3.5514306148115793
2.3076923076923075,24.244620170823282,3.5495371657664014
2.3846153846153846,24.244620170823282,3.5478536114848063
2.4615384615384617,24.244620170823282,3.546344087203653
2.5384615384615383,24.244620170823282,3.544982155799676
2.6153846153846154,24.244620170823282,3.5437503278430276
2.6923076923076925,24.244620170823282,3.5426260963086063
2.769230769230769,24.244620170823282,3.5415952078325748
2.8461538461538463,24.244620170823282,3.5406514112951446
2.923076923076923,24.244620170823282,3.5397758829889177
3.0,24.244620170823282,3.53896421935074
3.076923076923077,24.244620170823282,3.538205927744499
3.1538461538461537,24.244620170823282,3.5374978900955254
3.230769230769231,24.244620170823282,3.536844263068551
3.3076923076923075,24.244620170823282,3.5362224528361574
3.3846153846153846,24.244620170823282,3.53564414212835
3.4615384615384617,24.244620170823282,3.5351077087583995
3.5384615384615383,24.244620170823282,3.534598180580656
3.6153846153846154,24.244620170823282,3.53412112685049
3.6923076923076925,24.244620170823282,3.5336754732016726
3.769230769230769,24.244620170823282,3.533260259448011
3.8461538461538463,24.244620170823282,3.532867832025316
3.923076923076923,24.244620170823282,3.532504175680902
4.0,24.244620170823282,3.5321617635086175
1.0,27.28333376486768,3.6101295804322606
1.0769230769230769,27.28333376486768,3.598558722683694
1.1538461538461537,27.28333376486768,3.5983593471270803
1.2307692307692308,27.28333376486768,3.601250040962261
1.3076923076923077,27.28333376486768,3.6017067988577725
1.3846153846153846,27.28333376486768,3.5986424029842343
1.4615384615384615,27.28333376486768,3.5933293433722406
1.5384615384615385,27.28333376486768,3.5872000868873943
1.6153846153846154,27.28333376486768,3.581142993808616
1.6923076923076923,27.28333376486768,3.5755740392715656
1.7692307692307692,27.28333376486768,3.5706415754887684
1.8461538461538463,27.28333376486768,3.5663312236615745
1.9230769230769231,27.28333376486768,3.562595144026154
2.0,27.28333376486768,3.5593626602354593
2.076923076923077,27.28333376486768,3.556551827529115
2.1538461538461537,27.28333376486768,3.5541017647957496
2.230769230769231,27.28333376486768,3.551950847617894
2.3076923076923075,27.28333376486768,3.550049161846675
2.3846153846153846,27.28333376486768,3.5483575705487076
2.4615384615384617,27.28333376486768,3.5468469664849387
2.5384615384615383,27.28333376486768,3.5454840894998467
2.6153846153846154,27.28333376486768,3.5442514259247258
2.6923076923076925,27.28333376486768,3.54312644554629
2.769230769230769,27.28333376486768,3.542094876584759
2.8461538461538463,27.28333376486768,3.5411436619309304
2.923076923076923,27.28333376486768,3.540267546372922
3.0,27.28333376486768,3.539455323748825
3.076923076923077,27.28333376486768,3.5386964899925824
3.1538461538461537,27.28333376486768,3.537994709398266
3.230769230769231,27.28333376486768,3.537333758614735
3.3076923076923075,27.28333376486768,3.5367181920562163
3.3846153846153846,27.28333376486768,3.536139315037783
3.4615384615384617,27.28333376486768,3.5355954969398127
3.5384615384615383,27.28333376486768,3.535085328995898
3.6153846153846154,27.28333376486768,3.5346075814335283
3.6923076923076925,27.28333376486768,3.534161167752069
3.769230769230769,27.28333376486768,3.5337451152544705
3.8461538461538463,27.28333376486768,3.5333517550832103
3.923076923076923,27.28333376486768,3.5329870618832864
4.0,27.28333376486768,3.5326434936921234
1.0,30.702906297578497,3.6162817772440805
1.0769230769230769,30.702906297578497,3.60082712380725
1.1538461538461537,30.702906297578497,3.598590863463963
1.2307692307692308,30.702906297578497,3.6020023311437708
1.3076923076923077,30.702906297578497,3.604553421019592
1.3846153846153846,30.702906297578497,3.6035613238825603
1.4615384615384615,30.702906297578497,3.5995959814160177
1.5384615384615385,30.702906297578497,3.5941328663583048
1.6153846153846154,30.702906297578497,3.58832546998481
1.6923076923076923,30.702906297578497,3.5827884065190636
1.7692307692307692,30.702906297578497,3.5777686803813245
1.8461538461538463,30.702906297578497,3.5733478840401145
1.9230769230769231,30.702906297578497,3.569492366575111
2.0,30.702906297578497,3.5661451690634
2.076923076923077,30.702906297578497,3.5632376923545417
2.1538461538461537,30.702906297578497,3.5607018081949957
2.230769230769231,30.702906297578497,3.5584821994694122
2.3076923076923075,30.702906297578497,3.55652844309475
2.3846153846153846,30.702906297578497,3.554794113797825
2.4615384615384617,30.702906297578497,3.5532428706110393
2.5384615384615383,30.702906297578497,3.551847864574697
2.6153846153846154,30.702906297578497,3.5505912624103844
2.6923076923076925,30.702906297578497,3.549443402900377
2.769230769230769,30.702906297578497,3.5483897595663305
2.8461538461538463,30.702906297578497,3.547423867457324
2.923076923076923,30.702906297578497,3.5465334721351995
3.0,30.702906297578497,3.545707174411242
3.076923076923077,30.702906297578497,3.5449342848373866
3.1538461538461537,30.702906297578497,3.544211523475563
3.230769230769231,30.702906297578497,3.5435429173087463
3.3076923076923075,30.702906297578497,3.5429056085808814
3.3846153846153846,30.702906297578497,3.542311172342906
3.4615384615384617,30.702906297578497,3.541750987503769
3.5384615384615383,30.702906297578497,3.541223471010652
3.6153846153846154,30.702906297578497,3.5407272157235874
3.6923076923076925,30.702906297578497,3.540254137959285
3.769230769230769,30.702906297578497,3.539809909110642
3.8461538461538463,30.702906297578497,3.539386657274323
3.923076923076923,30.702906297578497,3.538990225890782
4.0,30.702906297578497,3.5386060713918774
1.0,34.5510729459222,3.617399451765737
1.0769230769230769,34.5510729459222,3.5997499916369833
1.1538461538461537,34.5510729459222,3.596061864672909
1.2307692307692308,34.5510729459222,3.5994617882936217
1.3076923076923077,34.5510729459222,3.6032310739141638
1.3846153846153846,34.5510729459222,3.603737836631374
1.4615384615384615,34.5510729459222,3.600899363440869
1.5384615384615385,34.5510729459222,3.5960993451201295
1.6153846153846154,34.5510729459222,3.5906137536272267
1.6923076923076923,34.5510729459222,3.585195659346326
1.7692307692307692,34.5510729459222,3.580208206659585
1.8461538461538463,34.5510729459222,3.5757663556068158
1.9230769230769231,34.5510729459222,3.571870732230098
2.0,34.5510729459222,3.5684849726596113
2.076923076923077,34.5510729459222,3.565547259693135
2.1538461538461537,34.5510729459222,3.5629825033169316
2.230769230769231,34.5510729459222,3.560735235493333
2.3076923076923075,34.5510729459222,3.558761694715387
2.3846153846153846,34.5510729459222,3.557008459890368
2.4615384615384617,34.5510729459222,3.555445864146556
2.5384615384615383,34.5510729459222,3.554040095557882
2.6153846153846154,34.5510729459222,3.55277320392513
2.6923076923076925,34.5510729459222,3.5516154029248113
2.769230769230769,34.5510729459222,3.5505588966284893
2.8461538461538463,34.5510729459222,3.5495903093514025
2.923076923076923,34.5510729459222,3.548690469848696
3.0,34.5510729459222,3.5478547254868644
3.076923076923077,34.5510729459222,3.547079136364811
3.1538461538461537,34.5510729459222,3.54635352045093
3.230769230769231,34.5510729459222,3.5456750118984273
3.3076923076923075,34.5510729459222,3.545034312612593
3.3846153846153846,34.5510729459222,3.544436113681509
3.4615384615384617,34.5510729459222,3.5438648798332313
3.5384615384615383,34.5510729459222,3.5433326178694835
3.6153846153846154,34.5510729459222,3.5428241888410814
3.6923076923076925,34.5510729459222,3.5423382619231805
3.769230769230769,34.5510729459222,3.5418804558990127
3.8461538461538463,34.5510729459222,3.5414428296414084
3.923076923076923,34.5510729459222,3.541031184838683
4.0,34.5510729459222,3.5406309100517555
1.0,38.881551803080875,3.618551736448004
1.0769230769230769,38.881551803080875,3.598834230725786
1.1538461538461537,38.881551803080875,3.5935865439712926
1.2307692307692308,38.881551803080875,3.5966459636663064
1.3076923076923077,38.881551803080875,3.6013739789069907
1.3846153846153846,38.881551803080875,3.603349722037142
1.4615384615384615,38.881551803080875,3.601725561461204
1.5384615384615385,38.881551803080875,3.5976784077898203
1.6153846153846154,38.881551803080875,3.5925799680823216
1.6923076923076923,38.881551803080875,3.5873298250727745
1.7692307692307692,38.881551803080875,3.582383282356342
1.8461538461538463,38.881551803080875,3.5779356864365823
1.9230769230769231,38.881551803080875,3.574015029483322
2.0,38.881551803080875,3.5705987304489226
2.076923076923077,38.881551803080875,3.567618121146617
2.1538461538461537,38.881551803080875,3.565025366049664
2.230769230769231,38.881551803080875,3.562758019982474
2.3076923076923075,38.881551803080875,3.560765346555466
2.3846153846153846,38.881551803080875,3.5589937693741525
2.4615384615384617,38.881551803080875,3.557420325632882
2.5384615384615383,38.881551803080875,3.5560042377094256
2.6153846153846154,38.881551803080875,3.554727446937926
2.6923076923076925,38.881551803080875,3.553566887652562
2.769230769230769,38.881551803080875,3.5525078424601153
2.8461538461538463,38.881551803080875,3.5515300090062345
2.923076923076923,38.881551803080875,3.550627799346984
3.0,38.881551803080875,3.549789649168955
3.076923076923077,38.881551803080875,3.549011546426396
3.1538461538461537,38.881551803080875,3.5482763881729014
3.230769230769231,38.881551803080875,3.5475949172415286
3.3076923076923075,38.881551803080875,3.5469440742944958
3.3846153846153846,38.881551803080875,3.546335329097468
3.4615384615384617,38.881551803080875,3.5457598984399348
3.5384615384615383,38.881551803080875,3.5452160594850195
3.6153846153846154,38.881551803080875,3.5446954304783964
3.6923076923076925,38.881551803080875,3.544203459488981
3.769230769230769,38.881551803080875,3.543732040140759
3.8461538461538463,38.881551803080875,3.5432800119386174
3.923076923076923,38.881551803080875,3.542846305185504
4.0,38.881551803080875,3.5424299293994816
1.0,43.75479375074185,3.6201628298553645
1.0769230769230769,43.75479375074185,3.598389811639897
1.1538461538461537,43.75479375074185,3.5914366390323402
1.2307692307692308,43.75479375074185,3.593840325471492
1.3076923076923077,43.75479375074185,3.599263377393902
1.3846153846153846,43.75479375074185,3.602669184830346
1.4615384615384615,43.75479375074185,3.6023685456049277
1.5384615384615385,43.75479375074185,3.5991985063701275
1.6153846153846154,43.75479375074185,3.5945613665278504
1.6923076923076923,43.75479375074185,3.5895253920432686
1.7692307692307692,43.75479375074185,3.584653556825681
1.8461538461538463,43.75479375074185,3.5801998984136176
1.9230769230769231,43.75479375074185,3.5762538503084818
2.0,43.75479375074185,3.5727998014905546
2.076923076923077,43.75479375074185,3.569789628369175
2.1538461538461537,43.75479375074185,3.5671617316751743
2.230769230769231,43.75479375074185,3.5648672237546375
2.3076923076923075,43.75479375074185,3.562848374816891
2.3846153846153846,43.75479375074185,3.5610651312899466
2.4615384615384617,43.75479375074185,3.559480717221313
2.5384615384615383,43.75479375074185,3.5580542090771674
2.6153846153846154,43.75479375074185,3.5567674318226894
2.6923076923076925,43.75479375074185,3.5556040476055037
2.769230769230769,43.75479375074185,3.5545355462993866
2.8461538461538463,43.75479375074185,3.5535552101599213
2.923076923076923,43.75479375074185,3.552643671438113
3.0,43.75479375074185,3.551802968062935
3.076923076923077,43.75479375074185,3.551015309108604
3.1538461538461537,43.75479375074185,3.5502771892684954
3.230769230769231,43.75479375074185,3.5495855901364357
3.3076923076923075,43.75479375074185,3.548931043771965
3.3846153846153846,43.75479375074185,3.548318110663964
3.4615384615384617,43.75479375074185,3.5477310726429927
3.5384615384615383,43.75479375074185,3.5471749850008756
3.6153846153846154,43.75479375074185,3.546641389235459
3.6923076923076925,43.75479375074185,3.546135681751806
3.769230769230769,43.75479375074185,3.5456496917290643
3.8461538461538463,43.75479375074185,3.5451822111909004
3.923076923076923,43.75479375074185,3.544725283135312
4.0,43.75479375074185,3.544291581460065
1.0,49.23882631706739,3.6260617418703136
1.0769230769230769,49.23882631706739,3.6012357811957725
1.1538461538461537,49.23882631706739,3.591622281795081
1.2307692307692308,49.23882631706739,3.5925488261852214
1.3076923076923077,49.23882631706739,3.5983112406375426
1.3846153846153846,49.23882631706739,3.6033768642333683
1.4615384615384615,49.23882631706739,3.604893998596596
1.5384615384615385,49.23882631706739,3.6030187664867723
1.6153846153846154,49.23882631706739,3.5990921913614016
1.6923076923076923,49.23882631706739,3.594354692924868
1.7692307692307692,49.23882631706739,3.589563274109802
1.8461538461538463,49.23882631706739,3.5850896445095404
1.9230769230769231,49.23882631706739,3.5810710336705904
2.0,49.23882631706739,3.57753336141646
2.076923076923077,49.23882631706739,3.5744423458314216
2.1538461538461537,49.23882631706739,3.5717499820801373
2.230769230769231,49.23882631706739,3.5693934302914783
2.3076923076923075,49.23882631706739,3.567335221610529
2.3846153846153846,49.23882631706739,3.5655144210274012
2.4615384615384617,49.23882631706739,3.563900803329629
2.5384615384615383,49.23882631706739,3.5624531272611324
2.6153846153846154,49.23882631706739,3.5611460984763563
2.6923076923076925,49.23882631706739,3.5599631296324983
2.769230769230769,49.23882631706739,3.5588823001075114
2.8461538461538463,49.23882631706739,3.557889816166017
2.923076923076923,49.23882631706739,3.556966066036647
3.0,49.23882631706739,3.5561129027497462
3.076923076923077,49.23882631706739,3.5553122992851596
3.1538461538461537,49.23882631706739,3.5545605548555472
3.230769230769231,49.23882631706739,3.55385446079682
3.3076923076923075,49.23882631706739,3.5531843458468932
3.3846153846153846,49.23882631706739,3.5525477450557994
3.4615384615384617,49.23882631706739,3.5519356056175115
3.5384615384615383,49.23882631706739,3.5513528514696566
3.6153846153846154,49.23882631706739,3.5507908680677365
3.6923076923076925,49.23882631706739,3.5502480835474697
3.769230769230769,49.23882631706739,3.549723076255801
3.8461538461538463,49.23882631706739,3.5492076886174373
3.923076923076923,49.23882631706739,3.548707618947558
4.0,49.23882631706739,3.5482149365255014
1.0,55.41020330009492,3.626132550811416
1.0769230769230769,55.41020330009492,3.59997133855303
1.1538461538461537,55.41020330009492,3.5890255823761867
1.2307692307692308,55.41020330009492,3.5890675269912293
1.3076923076923077,55.41020330009492,3.5948885986772257
1.3846153846153846,55.41020330009492,3.6009035464555077
1.4615384615384615,55.41020330009492,3.60364700440606
1.5384615384615385,55.41020330009492,3.602734962094881
1.6153846153846154,55.41020330009492,3.599405612878887
1.6923076923076923,55.41020330009492,3.5949823733443935
1.7692307692307692,55.41020330009492,3.5903288262732507
1.8461538461538463,55.41020330009492,3.5859055209795043
1.9230769230769231,55.41020330009492,3.581889663949659
2.0,55.41020330009492,3.57834143744528
2.076923076923077,55.41020330009492,3.575233458204484
2.1538461538461537,55.41020330009492,3.5725245829264605
2.230769230769231,55.41020330009492,3.5701656537489876
2.3076923076923075,55.41020330009492,3.568091710890572
2.3846153846153846,55.41020330009492,3.5662623445856236
2.4615384615384617,55.41020330009492,3.564640417955757
2.5384615384615383,55.41020330009492,3.5631914973633565
2.6153846153846154,55.41020330009492,3.561890243444049
2.6923076923076925,55.41020330009492,3.560699432699322
2.769230769230769,55.41020330009492,3.5596176901274093
2.8461538461538463,55.41020330009492,3.5586243159164344
2.923076923076923,55.41020330009492,3.557706523342395
3.0,55.41020330009492,3.5568455229632425
3.076923076923077,55.41020330009492,3.556043852919871
3.1538461538461537,55.41020330009492,3.555290907589744
3.230769230769231,55.41020330009492,3.5545834442438013
3.3076923076923075,55.41020330009492,3.5539048831682925
3.3846153846153846,55.41020330009492,3.553266474553244
3.4615384615384617,55.41020330009492,3.5526522622640506
3.5384615384615383,55.41020330009492,3.5520671487795266
3.6153846153846154,55.41020330009492,3.551495621667389
3.6923076923076925,55.41020330009492,3.5509429647808313
3.769230769230769,55.41020330009492,3.550414614328132
3.8461538461538463,55.41020330009492,3.5498886543566424
3.923076923076923,55.41020330009492,3.549377652165881
4.0,55.41020330009492,3.5488736704868784
1.0,62.35507341273915,3.628043323410359
1.0769230769230769,62.35507341273915,3.600194085205402
1.1538461538461537,62.35507341273915,3.587563310147643
1.2307692307692308,62.35507341273915,3.5863443889906876
1.3076923076923077,62.35507341273915,3.5919244911983985
1.3846153846153846,62.35507341273915,3.598821243754768
1.4615384615384615,62.35507341273915,3.602952350068393
1.5384615384615385,62.35507341273915,3.6032358420876514
1.6153846153846154,62.35507341273915,3.6006629940927897
1.6923076923076923,62.35507341273915,3.5966318576156726
1.7692307692307692,62.35507341273915,3.592150873574117
1.8461538461538463,62.35507341273915,3.5877724157775113
1.9230769230769231,62.35507341273915,3.5837542466927736
2.0,62.35507341273915,3.580170262147089
2.076923076923077,62.35507341273915,3.577034409109295
2.1538461538461537,62.35507341273915,3.574291794778269
2.230769230769231,62.35507341273915,3.5719069308929883
2.3076923076923075,62.35507341273915,3.569814735687991
2.3846153846153846,62.35507341273915,3.5679678186776727
2.4615384615384617,62.35507341273915,3.566335790925739
2.5384615384615383,62.35507341273915,3.5648772348085216
2.6153846153846154,62.35507341273915,3.5635666995211697
2.6923076923076925,62.35507341273915,3.562380583381103
2.769230769230769,62.35507341273915,3.561289940274222
2.8461538461538463,62.35507341273915,3.560294580633424
2.923076923076923,62.35507341273915,3.5593678742089447
3.0,62.35507341273915,3.5585046815640995
3.076923076923077,62.35507341273915,3.557700588012302
3.1538461538461537,62.35507341273915,3.556944899444978
3.230769230769231,62.35507341273915,3.5562274154895985
3.3076923076923075,62.35507341273915,3.5555452275867543
3.3846153846153846,62.35507341273915,3.55488889296988
3.4615384615384617,62.35507341273915,3.554269901163146
3.5384615384615383,62.35507341273915,3.5536655868388385
3.6153846153846154,62.35507341273915,3.5530878994655324
3.6923076923076925,62.35507341273915,3.5525214513593824
3.769230769230769,62.35507341273915,3.5519647793755134
3.8461538461538463,62.35507341273915,3.5514234440540706
3.923076923076923,62.35507341273915,3.5508825007659013
4.0,62.35507341273915,3.5503477607008738
1.0,70.1703828670383,3.6318934582602562
1.0769230769230769,70.1703828670383,3.6020251851718266
1.1538461538461537,70.1703828670383,3.5873714209391467
1.2307692307692308,70.1703828670383,3.5844872259428873
1.3076923076923077,70.1703828670383,3.5894094894734847
1.3846153846153846,70.1703828670383,3.5970015692855517
1.4615384615384615,70.1703828670383,3.6026267304431365
1.5384615384615385,70.1703828670383,3.6043582611580356
1.6153846153846154,70.1703828670383,3.6027642807280116
1.6923076923076923,70.1703828670383,3.5992540091024403
1.7692307692307692,70.1703828670383,3.594994001675878
1.8461538461538463,70.1703828670383,3.590669097014987
1.9230769230769231,70.1703828670383,3.5866370418131437
2.0,70.1703828670383,3.583006066178462
2.076923076923077,70.1703828670383,3.579817851759999
2.1538461538461537,70.1703828670383,3.5770312702910596
2.230769230769231,70.1703828670383,3.5745970030124012
2.3076923076923075,70.1703828670383,3.5724772965001086
2.3846153846153846,70.1703828670383,3.5706108276045048
2.4615384615384617,70.1703828670383,3.568960161443003
2.5384615384615383,70.1703828670383,3.5674905641537804
2.6153846153846154,70.1703828670383,3.5661695353240432
2.6923076923076925,70.1703828670383,3.5649664191000325
2.769230769230769,70.1703828670383,3.563872731790926
2.8461538461538463,70.1703828670383,3.5628675025126793
2.923076923076923,70.1703828670383,3.5619376945218995
3.0,70.1703828670383,3.561071144931757
3.076923076923077,70.1703828670383,3.560256415299488
3.1538461538461537,70.1703828670383,3.5594895591622002
3.230769230769231,70.1703828670383,3.5587602450384415
3.3076923076923075,70.1703828670383,3.558065453152132
3.3846153846153846,70.1703828670383,3.557402520804592
3.4615384615384617,70.1703828670383,3.556755305092992
3.5384615384615383,70.1703828670383,3.5561354898297424
3.6153846153846154,70.1703828670383,3.555527419227369
3.6923076923076925,70.1703828670383,3.554936310691093
3.769230769230769,70.1703828670383,3.55434688668385
3.8461538461538463,70.1703828670383,3.5537715894792705
3.923076923076923,70.1703828670383,3.5531885610829423
4.0,70.1703828670383,3.5526036342126233
1.0,78.96522868499724,3.6326960858236874
1.0769230769230769,78.96522868499724,3.6016411050764114
1.1538461538461537,78.96522868499724,3.5856900467335766
1.2307692307692308,78.96522868499724,3.5816218765522265
1.3076923076923077,78.96522868499724,3.5859468137609998
1.3846153846153846,78.96522868499724,3.593905937263703
1.4615384615384615,78.96522868499724,3.600642068313066
1.5384615384615385,78.96522868499724,3.6035737508785877
1.6153846153846154,78.96522868499724,3.6028637531125627
1.6923076923076923,78.96522868499724,3.5998600197669552
1.7692307692307692,78.96522868499724,3.5958438869858513
1.8461538461538463,78.96522868499724,3.5916166834776035
1.9230769230769231,78.96522868499724,3.5876006734939025
2.0,78.96522868499724,3.583965521680021
2.076923076923077,78.96522868499724,3.5807529604776027
2.1538461538461537,78.96522868499724,3.5779425425949705
2.230769230769231,78.96522868499724,3.5754986762799734
2.3076923076923075,78.96522868499724,3.5733560478804156
2.3846153846153846,78.96522868499724,3.571480777385788
2.4615384615384617,78.96522868499724,3.5698284927232433
2.5384615384615383,78.96522868499724,3.568350644155741
2.6153846153846154,78.96522868499724,3.567028426538191
2.6923076923076925,78.96522868499724,3.565831128394694
2.769230769230769,78.96522868499724,3.564736447904555
2.8461538461538463,78.96522868499724,3.563730238428463
2.923076923076923,78.96522868499724,3.562799410038519
3.0,78.96522868499724,3.561924857441433
3.076923076923077,78.96522868499724,3.561108873037541
3.1538461538461537,78.96522868499724,3.5603405774258903
3.230769230769231,78.96522868499724,3.5596095953858193
3.3076923076923075,78.96522868499724,3.5589128703706137
3.3846153846153846,78.96522868499724,3.5582408120333393
3.4615384615384617,78.96522868499724,3.5575910323496185
3.5384615384615383,78.96522868499724,3.5569614091589123
3.6153846153846154,78.96522868499724,3.556343156989354
3.6923076923076925,78.96522868499724,3.555741483786974
3.769230769230769,78.96522868499724,3.5551410974682534
3.8461538461538463,78.96522868499724,3.5545406611863526
3.923076923076923,78.96522868499724,3.553945876385849
4.0,78.96522868499724,3.553335026992469
1.0,88.86238162743403,3.634007090243343
1.0769230769230769,88.86238162743403,3.601739557818156
1.1538461538461537,88.86238162743403,3.5844563133828
1.2307692307692308,88.86238162743403,3.5791119846068513
1.3076923076923077,88.86238162743403,3.5826509238893687
1.3846153846153846,88.86238162743403,3.59076970654845
1.4615384615384615,88.86238162743403,3.5985388929996067
1.5384615384615385,88.86238162743403,3.6027499345892804
1.6153846153846154,88.86238162743403,3.6030281104250386
1.6923076923076923,88.86238162743403,3.600620429943285
1.7692307692307692,88.86238162743403,3.5968929463202413
1.8461538461538463,88.86238162743403,3.5927827933396004
1.9230769230769231,88.86238162743403,3.5887887246743944
2.0,88.86238162743403,3.585141593277568
2.076923076923077,88.86238162743403,3.5819038513824664
2.1538461538461537,88.86238162743403,3.5790688695304396
2.230769230769231,88.86238162743403,3.576601033393759
2.3076923076923075,88.86238162743403,3.5744418415622063
2.3846153846153846,88.86238162743403,3.572557343923724
2.4615384615384617,88.86238162743403,3.5708962126293815
2.5384615384615383,88.86238162743403,3.5694166982299427
2.6153846153846154,88.86238162743403,3.568086161726414
2.6923076923076925,88.86238162743403,3.566887581858952
2.769230769230769,88.86238162743403,3.56579170221073
2.8461538461538463,88.86238162743403,3.564784308060052
2.923076923076923,88.86238162743403,3.5638522433890256
3.0,88.86238162743403,3.562983229987963
3.076923076923077,88.86238162743403,3.5621657188409706
3.1538461538461537,88.86238162743403,3.5613887689409784
3.230769230769231,88.86238162743403,3.560655745582492
3.3076923076923075,88.86238162743403,3.5599497527658253
3.3846153846153846,88.86238162743403,3.5592680553194795
3.4615384615384617,88.86238162743403,3.558615132161194
3.5384615384615383,88.86238162743403,3.5579750362572016
3.6153846153846154,88.86238162743403,3.5573458572578898
3.6923076923076925,88.86238162743403,3.556725895746845
3.769230769230769,88.86238162743403,3.5561067441458025
3.8461538461538463,88.86238162743403,3.555487064956342
3.923076923076923,88.86238162743403,3.55486567534932
4.0,88.86238162743403,3.5542277583432806
1.0,100.0,3.636254502074432
1.0769230769230769,100.0,3.6026607633509116
1.1538461538461537,100.0,3.5839403339742812
1.2307692307692308,100.0,3.577168154435377
1.3076923076923077,100.0,3.5796904302528425
1.3846153846153846,100.0,3.5877264769573354
1.4615384615384615,100.0,3.5964292353372826
1.5384615384615385,100.0,3.6020031492617894
1.6153846153846154,100.0,3.603434889903313
1.6923076923076923,100.0,3.6017391483797097
1.7692307692307692,100.0,3.5983700800004996
1.8461538461538463,100.0,3.5943951801366816
1.9230769230769231,100.0,3.590434847701495
2.0,100.0,3.586766995179749
2.076923076923077,100.0,3.5834886147350336
2.1538461538461537,100.0,3.5806207263786494
2.230769230769231,100.0,3.578120796593478
2.3076923076923075,100.0,3.575944006054073
2.3846153846153846,100.0,3.5740425447769235
2.4615384615384617,100.0,3.572371859601956
2.5384615384615383,100.0,3.570883210444094
2.6153846153846154,100.0,3.5695507398179367
2.6923076923076925,100.0,3.568350444611432
2.769230769230769,100.0,3.5672529630568914
2.8461538461538463,100.0,3.5662439853354457
2.923076923076923,100.0,3.5653102633502125
3.0,100.0,3.5644325303404787
3.076923076923077,100.0,3.5636129517058346
3.1538461538461537,100.0,3.5628336096867046
3.230769230769231,100.0,3.5620909046209475
3.3076923076923075,100.0,3.5613816773880336
3.3846153846153846,100.0,3.56068933377631
3.4615384615384617,100.0,3.5600252207388214
3.5384615384615383,100.0,3.5593664424546962
3.6153846153846154,100.0,3.5587248742477673
3.6923076923076925,100.0,3.5580780914884644
3.769230769230769,100.0,3.55743838604283
3.8461538461538463,100.0,3.5567906207305415
3.923076923076923,100.0,3.5561267367610743
4.0,100.0,3.555445732920191
